<annotation>
	<folder>train</folder>
	<filename>1.jpg</filename>
	<path>D:\XLA\images\train\1.jpg</path>
	<source>
		<database>Unknown</database>
	</source>
	<size>
		<width>239</width>
		<height>211</height>
		<depth>3</depth>
	</size>
	<segmented>0</segmented>
	<object>
		<name>tao</name>
		<pose>Unspecified</pose>
		<truncated>0</truncated>
		<difficult>0</difficult>
		<bndbox>
			<xmin>41</xmin>
			<ymin>48</ymin>
			<xmax>195</xmax>
			<ymax>192</ymax>
		</bndbox>
	</object>
	<object>
		<name>tao</name>
		<pose>Unspecified</pose>
		<truncated>0</truncated>
		<difficult>0</difficult>
		<bndbox>
			<xmin>41</xmin>
			<ymin>48</ymin>
			<xmax>194</xmax>
			<ymax>192</ymax>
		</bndbox>
	</object>
</annotation>
