<annotation>
	<folder>train</folder>
	<filename>101.jpg</filename>
	<path>D:\XLA\images\train\101.jpg</path>
	<source>
		<database>Unknown</database>
	</source>
	<size>
		<width>600</width>
		<height>320</height>
		<depth>3</depth>
	</size>
	<segmented>0</segmented>
	<object>
		<name>xoai</name>
		<pose>Unspecified</pose>
		<truncated>0</truncated>
		<difficult>0</difficult>
		<bndbox>
			<xmin>169</xmin>
			<ymin>26</ymin>
			<xmax>308</xmax>
			<ymax>184</ymax>
		</bndbox>
	</object>
	<object>
		<name>xoai</name>
		<pose>Unspecified</pose>
		<truncated>0</truncated>
		<difficult>0</difficult>
		<bndbox>
			<xmin>88</xmin>
			<ymin>71</ymin>
			<xmax>186</xmax>
			<ymax>242</ymax>
		</bndbox>
	</object>
</annotation>
