<annotation>
	<folder>train</folder>
	<filename>103.jpg</filename>
	<path>D:\XLA\images\train\103.jpg</path>
	<source>
		<database>Unknown</database>
	</source>
	<size>
		<width>1656</width>
		<height>959</height>
		<depth>3</depth>
	</size>
	<segmented>0</segmented>
	<object>
		<name>xoai</name>
		<pose>Unspecified</pose>
		<truncated>0</truncated>
		<difficult>0</difficult>
		<bndbox>
			<xmin>403</xmin>
			<ymin>160</ymin>
			<xmax>736</xmax>
			<ymax>623</ymax>
		</bndbox>
	</object>
	<object>
		<name>xoai</name>
		<pose>Unspecified</pose>
		<truncated>0</truncated>
		<difficult>0</difficult>
		<bndbox>
			<xmin>28</xmin>
			<ymin>49</ymin>
			<xmax>436</xmax>
			<ymax>469</ymax>
		</bndbox>
	</object>
	<object>
		<name>xoai</name>
		<pose>Unspecified</pose>
		<truncated>0</truncated>
		<difficult>0</difficult>
		<bndbox>
			<xmin>850</xmin>
			<ymin>132</ymin>
			<xmax>1108</xmax>
			<ymax>426</ymax>
		</bndbox>
	</object>
	<object>
		<name>xoai</name>
		<pose>Unspecified</pose>
		<truncated>0</truncated>
		<difficult>0</difficult>
		<bndbox>
			<xmin>1248</xmin>
			<ymin>523</ymin>
			<xmax>1530</xmax>
			<ymax>937</ymax>
		</bndbox>
	</object>
	<object>
		<name>xoai</name>
		<pose>Unspecified</pose>
		<truncated>0</truncated>
		<difficult>0</difficult>
		<bndbox>
			<xmin>1133</xmin>
			<ymin>342</ymin>
			<xmax>1353</xmax>
			<ymax>671</ymax>
		</bndbox>
	</object>
</annotation>
