<annotation>
	<folder>train</folder>
	<filename>104.jpg</filename>
	<path>D:\XLA\images\train\104.jpg</path>
	<source>
		<database>Unknown</database>
	</source>
	<size>
		<width>633</width>
		<height>480</height>
		<depth>3</depth>
	</size>
	<segmented>0</segmented>
	<object>
		<name>xoai</name>
		<pose>Unspecified</pose>
		<truncated>0</truncated>
		<difficult>0</difficult>
		<bndbox>
			<xmin>382</xmin>
			<ymin>220</ymin>
			<xmax>562</xmax>
			<ymax>433</ymax>
		</bndbox>
	</object>
	<object>
		<name>xoai</name>
		<pose>Unspecified</pose>
		<truncated>0</truncated>
		<difficult>0</difficult>
		<bndbox>
			<xmin>185</xmin>
			<ymin>245</ymin>
			<xmax>358</xmax>
			<ymax>456</ymax>
		</bndbox>
	</object>
	<object>
		<name>xoai</name>
		<pose>Unspecified</pose>
		<truncated>0</truncated>
		<difficult>0</difficult>
		<bndbox>
			<xmin>40</xmin>
			<ymin>136</ymin>
			<xmax>208</xmax>
			<ymax>350</ymax>
		</bndbox>
	</object>
</annotation>
