<annotation>
	<folder>train</folder>
	<filename>105.jpg</filename>
	<path>D:\XLA\images\train\105.jpg</path>
	<source>
		<database>Unknown</database>
	</source>
	<size>
		<width>800</width>
		<height>553</height>
		<depth>3</depth>
	</size>
	<segmented>0</segmented>
	<object>
		<name>xoai</name>
		<pose>Unspecified</pose>
		<truncated>0</truncated>
		<difficult>0</difficult>
		<bndbox>
			<xmin>26</xmin>
			<ymin>112</ymin>
			<xmax>432</xmax>
			<ymax>332</ymax>
		</bndbox>
	</object>
	<object>
		<name>xoai</name>
		<pose>Unspecified</pose>
		<truncated>0</truncated>
		<difficult>0</difficult>
		<bndbox>
			<xmin>14</xmin>
			<ymin>348</ymin>
			<xmax>433</xmax>
			<ymax>550</ymax>
		</bndbox>
	</object>
	<object>
		<name>xoai</name>
		<pose>Unspecified</pose>
		<truncated>0</truncated>
		<difficult>0</difficult>
		<bndbox>
			<xmin>334</xmin>
			<ymin>249</ymin>
			<xmax>756</xmax>
			<ymax>474</ymax>
		</bndbox>
	</object>
	<object>
		<name>xoai</name>
		<pose>Unspecified</pose>
		<truncated>0</truncated>
		<difficult>0</difficult>
		<bndbox>
			<xmin>344</xmin>
			<ymin>29</ymin>
			<xmax>754</xmax>
			<ymax>249</ymax>
		</bndbox>
	</object>
</annotation>
