<annotation>
	<folder>train</folder>
	<filename>108.jpg</filename>
	<path>D:\XLA\images\train\108.jpg</path>
	<source>
		<database>Unknown</database>
	</source>
	<size>
		<width>500</width>
		<height>374</height>
		<depth>3</depth>
	</size>
	<segmented>0</segmented>
	<object>
		<name>xoai</name>
		<pose>Unspecified</pose>
		<truncated>0</truncated>
		<difficult>0</difficult>
		<bndbox>
			<xmin>12</xmin>
			<ymin>19</ymin>
			<xmax>94</xmax>
			<ymax>175</ymax>
		</bndbox>
	</object>
	<object>
		<name>xoai</name>
		<pose>Unspecified</pose>
		<truncated>0</truncated>
		<difficult>0</difficult>
		<bndbox>
			<xmin>90</xmin>
			<ymin>40</ymin>
			<xmax>174</xmax>
			<ymax>194</ymax>
		</bndbox>
	</object>
	<object>
		<name>xoai</name>
		<pose>Unspecified</pose>
		<truncated>0</truncated>
		<difficult>0</difficult>
		<bndbox>
			<xmin>268</xmin>
			<ymin>122</ymin>
			<xmax>335</xmax>
			<ymax>231</ymax>
		</bndbox>
	</object>
	<object>
		<name>xoai</name>
		<pose>Unspecified</pose>
		<truncated>0</truncated>
		<difficult>0</difficult>
		<bndbox>
			<xmin>412</xmin>
			<ymin>121</ymin>
			<xmax>490</xmax>
			<ymax>233</ymax>
		</bndbox>
	</object>
	<object>
		<name>xoai</name>
		<pose>Unspecified</pose>
		<truncated>0</truncated>
		<difficult>0</difficult>
		<bndbox>
			<xmin>333</xmin>
			<ymin>132</ymin>
			<xmax>417</xmax>
			<ymax>243</ymax>
		</bndbox>
	</object>
	<object>
		<name>xoai</name>
		<pose>Unspecified</pose>
		<truncated>0</truncated>
		<difficult>0</difficult>
		<bndbox>
			<xmin>289</xmin>
			<ymin>249</ymin>
			<xmax>348</xmax>
			<ymax>364</ymax>
		</bndbox>
	</object>
	<object>
		<name>xoai</name>
		<pose>Unspecified</pose>
		<truncated>0</truncated>
		<difficult>0</difficult>
		<bndbox>
			<xmin>395</xmin>
			<ymin>212</ymin>
			<xmax>452</xmax>
			<ymax>334</ymax>
		</bndbox>
	</object>
</annotation>
