<annotation>
	<folder>train</folder>
	<filename>111.jpg</filename>
	<path>D:\XLA\images\train\111.jpg</path>
	<source>
		<database>Unknown</database>
	</source>
	<size>
		<width>512</width>
		<height>384</height>
		<depth>3</depth>
	</size>
	<segmented>0</segmented>
	<object>
		<name>xoai</name>
		<pose>Unspecified</pose>
		<truncated>0</truncated>
		<difficult>0</difficult>
		<bndbox>
			<xmin>165</xmin>
			<ymin>8</ymin>
			<xmax>355</xmax>
			<ymax>111</ymax>
		</bndbox>
	</object>
	<object>
		<name>xoai</name>
		<pose>Unspecified</pose>
		<truncated>0</truncated>
		<difficult>0</difficult>
		<bndbox>
			<xmin>95</xmin>
			<ymin>86</ymin>
			<xmax>308</xmax>
			<ymax>204</ymax>
		</bndbox>
	</object>
	<object>
		<name>xoai</name>
		<pose>Unspecified</pose>
		<truncated>0</truncated>
		<difficult>0</difficult>
		<bndbox>
			<xmin>5</xmin>
			<ymin>173</ymin>
			<xmax>258</xmax>
			<ymax>354</ymax>
		</bndbox>
	</object>
	<object>
		<name>xoai</name>
		<pose>Unspecified</pose>
		<truncated>0</truncated>
		<difficult>0</difficult>
		<bndbox>
			<xmin>245</xmin>
			<ymin>183</ymin>
			<xmax>478</xmax>
			<ymax>368</ymax>
		</bndbox>
	</object>
	<object>
		<name>xoai</name>
		<pose>Unspecified</pose>
		<truncated>0</truncated>
		<difficult>0</difficult>
		<bndbox>
			<xmin>304</xmin>
			<ymin>84</ymin>
			<xmax>508</xmax>
			<ymax>229</ymax>
		</bndbox>
	</object>
</annotation>
