<annotation>
	<folder>train</folder>
	<filename>115.jpg</filename>
	<path>D:\XLA\images\train\115.jpg</path>
	<source>
		<database>Unknown</database>
	</source>
	<size>
		<width>1470</width>
		<height>1070</height>
		<depth>3</depth>
	</size>
	<segmented>0</segmented>
	<object>
		<name>xoai</name>
		<pose>Unspecified</pose>
		<truncated>0</truncated>
		<difficult>0</difficult>
		<bndbox>
			<xmin>790</xmin>
			<ymin>281</ymin>
			<xmax>1322</xmax>
			<ymax>936</ymax>
		</bndbox>
	</object>
	<object>
		<name>xoai</name>
		<pose>Unspecified</pose>
		<truncated>0</truncated>
		<difficult>0</difficult>
		<bndbox>
			<xmin>217</xmin>
			<ymin>254</ymin>
			<xmax>713</xmax>
			<ymax>1053</ymax>
		</bndbox>
	</object>
</annotation>
