<annotation>
	<folder>train</folder>
	<filename>15.jpg</filename>
	<path>D:\XLA\images\train\15.jpg</path>
	<source>
		<database>Unknown</database>
	</source>
	<size>
		<width>254</width>
		<height>199</height>
		<depth>3</depth>
	</size>
	<segmented>0</segmented>
	<object>
		<name>tao</name>
		<pose>Unspecified</pose>
		<truncated>0</truncated>
		<difficult>0</difficult>
		<bndbox>
			<xmin>122</xmin>
			<ymin>32</ymin>
			<xmax>214</xmax>
			<ymax>109</ymax>
		</bndbox>
	</object>
</annotation>
