<annotation>
	<folder>train</folder>
	<filename>18.jpg</filename>
	<path>D:\XLA\images\train\18.jpg</path>
	<source>
		<database>Unknown</database>
	</source>
	<size>
		<width>225</width>
		<height>225</height>
		<depth>3</depth>
	</size>
	<segmented>0</segmented>
	<object>
		<name>tao</name>
		<pose>Unspecified</pose>
		<truncated>0</truncated>
		<difficult>0</difficult>
		<bndbox>
			<xmin>34</xmin>
			<ymin>63</ymin>
			<xmax>184</xmax>
			<ymax>202</ymax>
		</bndbox>
	</object>
</annotation>
