<annotation>
	<folder>train</folder>
	<filename>19.jpg</filename>
	<path>D:\XLA\images\train\19.jpg</path>
	<source>
		<database>Unknown</database>
	</source>
	<size>
		<width>259</width>
		<height>194</height>
		<depth>3</depth>
	</size>
	<segmented>0</segmented>
	<object>
		<name>tao</name>
		<pose>Unspecified</pose>
		<truncated>0</truncated>
		<difficult>0</difficult>
		<bndbox>
			<xmin>64</xmin>
			<ymin>15</ymin>
			<xmax>242</xmax>
			<ymax>183</ymax>
		</bndbox>
	</object>
</annotation>
