<annotation>
	<folder>train</folder>
	<filename>20.jpg</filename>
	<path>D:\XLA\images\train\20.jpg</path>
	<source>
		<database>Unknown</database>
	</source>
	<size>
		<width>276</width>
		<height>183</height>
		<depth>3</depth>
	</size>
	<segmented>0</segmented>
	<object>
		<name>tao</name>
		<pose>Unspecified</pose>
		<truncated>0</truncated>
		<difficult>0</difficult>
		<bndbox>
			<xmin>124</xmin>
			<ymin>52</ymin>
			<xmax>241</xmax>
			<ymax>159</ymax>
		</bndbox>
	</object>
	<object>
		<name>tao</name>
		<pose>Unspecified</pose>
		<truncated>1</truncated>
		<difficult>0</difficult>
		<bndbox>
			<xmin>1</xmin>
			<ymin>72</ymin>
			<xmax>59</xmax>
			<ymax>138</ymax>
		</bndbox>
	</object>
	<object>
		<name>tao</name>
		<pose>Unspecified</pose>
		<truncated>1</truncated>
		<difficult>0</difficult>
		<bndbox>
			<xmin>26</xmin>
			<ymin>1</ymin>
			<xmax>93</xmax>
			<ymax>59</ymax>
		</bndbox>
	</object>
	<object>
		<name>tao</name>
		<pose>Unspecified</pose>
		<truncated>1</truncated>
		<difficult>0</difficult>
		<bndbox>
			<xmin>108</xmin>
			<ymin>1</ymin>
			<xmax>179</xmax>
			<ymax>40</ymax>
		</bndbox>
	</object>
</annotation>
