<annotation>
	<folder>train</folder>
	<filename>22.jpg</filename>
	<path>D:\XLA\images\train\22.jpg</path>
	<source>
		<database>Unknown</database>
	</source>
	<size>
		<width>225</width>
		<height>225</height>
		<depth>3</depth>
	</size>
	<segmented>0</segmented>
	<object>
		<name>tao</name>
		<pose>Unspecified</pose>
		<truncated>0</truncated>
		<difficult>0</difficult>
		<bndbox>
			<xmin>9</xmin>
			<ymin>19</ymin>
			<xmax>211</xmax>
			<ymax>205</ymax>
		</bndbox>
	</object>
</annotation>
