<annotation>
	<folder>train</folder>
	<filename>23.jpg</filename>
	<path>D:\XLA\images\train\23.jpg</path>
	<source>
		<database>Unknown</database>
	</source>
	<size>
		<width>275</width>
		<height>183</height>
		<depth>3</depth>
	</size>
	<segmented>0</segmented>
	<object>
		<name>tao</name>
		<pose>Unspecified</pose>
		<truncated>0</truncated>
		<difficult>0</difficult>
		<bndbox>
			<xmin>85</xmin>
			<ymin>86</ymin>
			<xmax>157</xmax>
			<ymax>156</ymax>
		</bndbox>
	</object>
	<object>
		<name>tao</name>
		<pose>Unspecified</pose>
		<truncated>0</truncated>
		<difficult>0</difficult>
		<bndbox>
			<xmin>13</xmin>
			<ymin>86</ymin>
			<xmax>83</xmax>
			<ymax>160</ymax>
		</bndbox>
	</object>
	<object>
		<name>tao</name>
		<pose>Unspecified</pose>
		<truncated>0</truncated>
		<difficult>0</difficult>
		<bndbox>
			<xmin>170</xmin>
			<ymin>86</ymin>
			<xmax>241</xmax>
			<ymax>151</ymax>
		</bndbox>
	</object>
	<object>
		<name>tao</name>
		<pose>Unspecified</pose>
		<truncated>0</truncated>
		<difficult>0</difficult>
		<bndbox>
			<xmin>133</xmin>
			<ymin>55</ymin>
			<xmax>198</xmax>
			<ymax>106</ymax>
		</bndbox>
	</object>
	<object>
		<name>tao</name>
		<pose>Unspecified</pose>
		<truncated>0</truncated>
		<difficult>0</difficult>
		<bndbox>
			<xmin>206</xmin>
			<ymin>58</ymin>
			<xmax>273</xmax>
			<ymax>113</ymax>
		</bndbox>
	</object>
</annotation>
