<annotation>
	<folder>train</folder>
	<filename>25.jpg</filename>
	<path>D:\XLA\images\train\25.jpg</path>
	<source>
		<database>Unknown</database>
	</source>
	<size>
		<width>275</width>
		<height>183</height>
		<depth>3</depth>
	</size>
	<segmented>0</segmented>
	<object>
		<name>tao</name>
		<pose>Unspecified</pose>
		<truncated>0</truncated>
		<difficult>0</difficult>
		<bndbox>
			<xmin>105</xmin>
			<ymin>67</ymin>
			<xmax>177</xmax>
			<ymax>142</ymax>
		</bndbox>
	</object>
</annotation>
