<annotation>
	<folder>train</folder>
	<filename>27.jpg</filename>
	<path>D:\XLA\images\train\27.jpg</path>
	<source>
		<database>Unknown</database>
	</source>
	<size>
		<width>343</width>
		<height>147</height>
		<depth>3</depth>
	</size>
	<segmented>0</segmented>
	<object>
		<name>tao</name>
		<pose>Unspecified</pose>
		<truncated>0</truncated>
		<difficult>0</difficult>
		<bndbox>
			<xmin>101</xmin>
			<ymin>2</ymin>
			<xmax>225</xmax>
			<ymax>126</ymax>
		</bndbox>
	</object>
</annotation>
