<annotation>
	<folder>train</folder>
	<filename>28.jpg</filename>
	<path>D:\XLA\images\train\28.jpg</path>
	<source>
		<database>Unknown</database>
	</source>
	<size>
		<width>225</width>
		<height>225</height>
		<depth>3</depth>
	</size>
	<segmented>0</segmented>
	<object>
		<name>tao</name>
		<pose>Unspecified</pose>
		<truncated>0</truncated>
		<difficult>0</difficult>
		<bndbox>
			<xmin>41</xmin>
			<ymin>60</ymin>
			<xmax>163</xmax>
			<ymax>173</ymax>
		</bndbox>
	</object>
</annotation>
