<annotation>
	<folder>train</folder>
	<filename>29.jpg</filename>
	<path>D:\XLA\images\train\29.jpg</path>
	<source>
		<database>Unknown</database>
	</source>
	<size>
		<width>259</width>
		<height>194</height>
		<depth>3</depth>
	</size>
	<segmented>0</segmented>
	<object>
		<name>tao</name>
		<pose>Unspecified</pose>
		<truncated>0</truncated>
		<difficult>0</difficult>
		<bndbox>
			<xmin>56</xmin>
			<ymin>27</ymin>
			<xmax>206</xmax>
			<ymax>164</ymax>
		</bndbox>
	</object>
</annotation>
