<annotation>
	<folder>train</folder>
	<filename>3.jpg</filename>
	<path>D:\XLA\images\train\3.jpg</path>
	<source>
		<database>Unknown</database>
	</source>
	<size>
		<width>275</width>
		<height>183</height>
		<depth>3</depth>
	</size>
	<segmented>0</segmented>
	<object>
		<name>tao</name>
		<pose>Unspecified</pose>
		<truncated>0</truncated>
		<difficult>0</difficult>
		<bndbox>
			<xmin>39</xmin>
			<ymin>80</ymin>
			<xmax>133</xmax>
			<ymax>154</ymax>
		</bndbox>
	</object>
	<object>
		<name>tao</name>
		<pose>Unspecified</pose>
		<truncated>0</truncated>
		<difficult>0</difficult>
		<bndbox>
			<xmin>123</xmin>
			<ymin>46</ymin>
			<xmax>216</xmax>
			<ymax>132</ymax>
		</bndbox>
	</object>
</annotation>
