<annotation>
	<folder>train</folder>
	<filename>32.jpg</filename>
	<path>D:\XLA\images\train\32.jpg</path>
	<source>
		<database>Unknown</database>
	</source>
	<size>
		<width>258</width>
		<height>195</height>
		<depth>3</depth>
	</size>
	<segmented>0</segmented>
	<object>
		<name>tao</name>
		<pose>Unspecified</pose>
		<truncated>0</truncated>
		<difficult>0</difficult>
		<bndbox>
			<xmin>15</xmin>
			<ymin>47</ymin>
			<xmax>136</xmax>
			<ymax>165</ymax>
		</bndbox>
	</object>
	<object>
		<name>tao</name>
		<pose>Unspecified</pose>
		<truncated>0</truncated>
		<difficult>0</difficult>
		<bndbox>
			<xmin>128</xmin>
			<ymin>83</ymin>
			<xmax>244</xmax>
			<ymax>177</ymax>
		</bndbox>
	</object>
	<object>
		<name>tao</name>
		<pose>Unspecified</pose>
		<truncated>0</truncated>
		<difficult>0</difficult>
		<bndbox>
			<xmin>129</xmin>
			<ymin>32</ymin>
			<xmax>234</xmax>
			<ymax>94</ymax>
		</bndbox>
	</object>
</annotation>
