<annotation>
	<folder>train</folder>
	<filename>33.jpg</filename>
	<path>D:\XLA\images\train\33.jpg</path>
	<source>
		<database>Unknown</database>
	</source>
	<size>
		<width>285</width>
		<height>177</height>
		<depth>3</depth>
	</size>
	<segmented>0</segmented>
	<object>
		<name>tao</name>
		<pose>Unspecified</pose>
		<truncated>1</truncated>
		<difficult>0</difficult>
		<bndbox>
			<xmin>32</xmin>
			<ymin>70</ymin>
			<xmax>146</xmax>
			<ymax>177</ymax>
		</bndbox>
	</object>
	<object>
		<name>tao</name>
		<pose>Unspecified</pose>
		<truncated>0</truncated>
		<difficult>0</difficult>
		<bndbox>
			<xmin>120</xmin>
			<ymin>18</ymin>
			<xmax>219</xmax>
			<ymax>116</ymax>
		</bndbox>
	</object>
	<object>
		<name>tao</name>
		<pose>Unspecified</pose>
		<truncated>1</truncated>
		<difficult>0</difficult>
		<bndbox>
			<xmin>24</xmin>
			<ymin>1</ymin>
			<xmax>117</xmax>
			<ymax>72</ymax>
		</bndbox>
	</object>
</annotation>
