<annotation>
	<folder>train</folder>
	<filename>34.jpg</filename>
	<path>D:\XLA\images\train\34.jpg</path>
	<source>
		<database>Unknown</database>
	</source>
	<size>
		<width>225</width>
		<height>225</height>
		<depth>3</depth>
	</size>
	<segmented>0</segmented>
	<object>
		<name>tao</name>
		<pose>Unspecified</pose>
		<truncated>0</truncated>
		<difficult>0</difficult>
		<bndbox>
			<xmin>5</xmin>
			<ymin>66</ymin>
			<xmax>119</xmax>
			<ymax>179</ymax>
		</bndbox>
	</object>
	<object>
		<name>tao</name>
		<pose>Unspecified</pose>
		<truncated>0</truncated>
		<difficult>0</difficult>
		<bndbox>
			<xmin>112</xmin>
			<ymin>50</ymin>
			<xmax>220</xmax>
			<ymax>165</ymax>
		</bndbox>
	</object>
</annotation>
