<annotation>
	<folder>train</folder>
	<filename>37.jpg</filename>
	<path>D:\XLA\images\train\37.jpg</path>
	<source>
		<database>Unknown</database>
	</source>
	<size>
		<width>275</width>
		<height>183</height>
		<depth>3</depth>
	</size>
	<segmented>0</segmented>
	<object>
		<name>tao</name>
		<pose>Unspecified</pose>
		<truncated>0</truncated>
		<difficult>0</difficult>
		<bndbox>
			<xmin>112</xmin>
			<ymin>78</ymin>
			<xmax>227</xmax>
			<ymax>175</ymax>
		</bndbox>
	</object>
</annotation>
