<annotation>
	<folder>train</folder>
	<filename>38.jpg</filename>
	<path>D:\XLA\images\train\38.jpg</path>
	<source>
		<database>Unknown</database>
	</source>
	<size>
		<width>259</width>
		<height>194</height>
		<depth>3</depth>
	</size>
	<segmented>0</segmented>
	<object>
		<name>tao</name>
		<pose>Unspecified</pose>
		<truncated>0</truncated>
		<difficult>0</difficult>
		<bndbox>
			<xmin>60</xmin>
			<ymin>24</ymin>
			<xmax>201</xmax>
			<ymax>163</ymax>
		</bndbox>
	</object>
</annotation>
