<annotation>
	<folder>train</folder>
	<filename>45.jpg</filename>
	<path>D:\XLA\images\train\45.jpg</path>
	<source>
		<database>Unknown</database>
	</source>
	<size>
		<width>500</width>
		<height>500</height>
		<depth>3</depth>
	</size>
	<segmented>0</segmented>
	<object>
		<name>na</name>
		<pose>Unspecified</pose>
		<truncated>0</truncated>
		<difficult>0</difficult>
		<bndbox>
			<xmin>73</xmin>
			<ymin>98</ymin>
			<xmax>430</xmax>
			<ymax>422</ymax>
		</bndbox>
	</object>
</annotation>
