<annotation>
	<folder>train</folder>
	<filename>46.jpg</filename>
	<path>D:\XLA\images\train\46.jpg</path>
	<source>
		<database>Unknown</database>
	</source>
	<size>
		<width>660</width>
		<height>493</height>
		<depth>3</depth>
	</size>
	<segmented>0</segmented>
	<object>
		<name>na</name>
		<pose>Unspecified</pose>
		<truncated>0</truncated>
		<difficult>0</difficult>
		<bndbox>
			<xmin>124</xmin>
			<ymin>65</ymin>
			<xmax>517</xmax>
			<ymax>439</ymax>
		</bndbox>
	</object>
</annotation>
