<annotation>
	<folder>train</folder>
	<filename>49.jpg</filename>
	<path>D:\XLA\images\train\49.jpg</path>
	<source>
		<database>Unknown</database>
	</source>
	<size>
		<width>600</width>
		<height>375</height>
		<depth>3</depth>
	</size>
	<segmented>0</segmented>
	<object>
		<name>na</name>
		<pose>Unspecified</pose>
		<truncated>0</truncated>
		<difficult>0</difficult>
		<bndbox>
			<xmin>178</xmin>
			<ymin>104</ymin>
			<xmax>438</xmax>
			<ymax>347</ymax>
		</bndbox>
	</object>
</annotation>
