<annotation>
	<folder>train</folder>
	<filename>50.jpg</filename>
	<path>D:\XLA\images\train\50.jpg</path>
	<source>
		<database>Unknown</database>
	</source>
	<size>
		<width>700</width>
		<height>438</height>
		<depth>3</depth>
	</size>
	<segmented>0</segmented>
	<object>
		<name>na</name>
		<pose>Unspecified</pose>
		<truncated>0</truncated>
		<difficult>0</difficult>
		<bndbox>
			<xmin>69</xmin>
			<ymin>92</ymin>
			<xmax>386</xmax>
			<ymax>385</ymax>
		</bndbox>
	</object>
	<object>
		<name>na</name>
		<pose>Unspecified</pose>
		<truncated>0</truncated>
		<difficult>0</difficult>
		<bndbox>
			<xmin>380</xmin>
			<ymin>40</ymin>
			<xmax>698</xmax>
			<ymax>352</ymax>
		</bndbox>
	</object>
</annotation>
