<annotation>
	<folder>train</folder>
	<filename>51.jpg</filename>
	<path>D:\XLA\images\train\51.jpg</path>
	<source>
		<database>Unknown</database>
	</source>
	<size>
		<width>700</width>
		<height>525</height>
		<depth>3</depth>
	</size>
	<segmented>0</segmented>
	<object>
		<name>na</name>
		<pose>Unspecified</pose>
		<truncated>0</truncated>
		<difficult>0</difficult>
		<bndbox>
			<xmin>108</xmin>
			<ymin>267</ymin>
			<xmax>287</xmax>
			<ymax>443</ymax>
		</bndbox>
	</object>
	<object>
		<name>na</name>
		<pose>Unspecified</pose>
		<truncated>0</truncated>
		<difficult>0</difficult>
		<bndbox>
			<xmin>389</xmin>
			<ymin>114</ymin>
			<xmax>583</xmax>
			<ymax>287</ymax>
		</bndbox>
	</object>
	<object>
		<name>na</name>
		<pose>Unspecified</pose>
		<truncated>0</truncated>
		<difficult>0</difficult>
		<bndbox>
			<xmin>311</xmin>
			<ymin>255</ymin>
			<xmax>476</xmax>
			<ymax>439</ymax>
		</bndbox>
	</object>
</annotation>
