<annotation>
	<folder>train</folder>
	<filename>56.jpg</filename>
	<path>D:\XLA\images\train\56.jpg</path>
	<source>
		<database>Unknown</database>
	</source>
	<size>
		<width>800</width>
		<height>605</height>
		<depth>3</depth>
	</size>
	<segmented>0</segmented>
	<object>
		<name>na</name>
		<pose>Unspecified</pose>
		<truncated>0</truncated>
		<difficult>0</difficult>
		<bndbox>
			<xmin>67</xmin>
			<ymin>270</ymin>
			<xmax>246</xmax>
			<ymax>477</ymax>
		</bndbox>
	</object>
	<object>
		<name>na</name>
		<pose>Unspecified</pose>
		<truncated>0</truncated>
		<difficult>0</difficult>
		<bndbox>
			<xmin>196</xmin>
			<ymin>168</ymin>
			<xmax>396</xmax>
			<ymax>331</ymax>
		</bndbox>
	</object>
</annotation>
