<annotation>
	<folder>train</folder>
	<filename>58.jpg</filename>
	<path>D:\XLA\images\train\58.jpg</path>
	<source>
		<database>Unknown</database>
	</source>
	<size>
		<width>500</width>
		<height>500</height>
		<depth>3</depth>
	</size>
	<segmented>0</segmented>
	<object>
		<name>na</name>
		<pose>Unspecified</pose>
		<truncated>0</truncated>
		<difficult>0</difficult>
		<bndbox>
			<xmin>289</xmin>
			<ymin>79</ymin>
			<xmax>464</xmax>
			<ymax>234</ymax>
		</bndbox>
	</object>
	<object>
		<name>na</name>
		<pose>Unspecified</pose>
		<truncated>0</truncated>
		<difficult>0</difficult>
		<bndbox>
			<xmin>111</xmin>
			<ymin>96</ymin>
			<xmax>289</xmax>
			<ymax>245</ymax>
		</bndbox>
	</object>
	<object>
		<name>na</name>
		<pose>Unspecified</pose>
		<truncated>0</truncated>
		<difficult>0</difficult>
		<bndbox>
			<xmin>121</xmin>
			<ymin>240</ymin>
			<xmax>332</xmax>
			<ymax>440</ymax>
		</bndbox>
	</object>
	<object>
		<name>na</name>
		<pose>Unspecified</pose>
		<truncated>1</truncated>
		<difficult>0</difficult>
		<bndbox>
			<xmin>1</xmin>
			<ymin>207</ymin>
			<xmax>120</xmax>
			<ymax>403</ymax>
		</bndbox>
	</object>
	<object>
		<name>na</name>
		<pose>Unspecified</pose>
		<truncated>1</truncated>
		<difficult>0</difficult>
		<bndbox>
			<xmin>398</xmin>
			<ymin>222</ymin>
			<xmax>500</xmax>
			<ymax>401</ymax>
		</bndbox>
	</object>
</annotation>
