<annotation>
	<folder>train</folder>
	<filename>6.jpg</filename>
	<path>D:\XLA\images\train\6.jpg</path>
	<source>
		<database>Unknown</database>
	</source>
	<size>
		<width>275</width>
		<height>183</height>
		<depth>3</depth>
	</size>
	<segmented>0</segmented>
	<object>
		<name>tao</name>
		<pose>Unspecified</pose>
		<truncated>0</truncated>
		<difficult>0</difficult>
		<bndbox>
			<xmin>124</xmin>
			<ymin>73</ymin>
			<xmax>208</xmax>
			<ymax>154</ymax>
		</bndbox>
	</object>
	<object>
		<name>tao</name>
		<pose>Unspecified</pose>
		<truncated>0</truncated>
		<difficult>0</difficult>
		<bndbox>
			<xmin>168</xmin>
			<ymin>39</ymin>
			<xmax>241</xmax>
			<ymax>109</ymax>
		</bndbox>
	</object>
</annotation>
