<annotation>
	<folder>train</folder>
	<filename>60.jpg</filename>
	<path>D:\XLA\images\train\60.jpg</path>
	<source>
		<database>Unknown</database>
	</source>
	<size>
		<width>280</width>
		<height>420</height>
		<depth>3</depth>
	</size>
	<segmented>0</segmented>
	<object>
		<name>na</name>
		<pose>Unspecified</pose>
		<truncated>0</truncated>
		<difficult>0</difficult>
		<bndbox>
			<xmin>73</xmin>
			<ymin>165</ymin>
			<xmax>265</xmax>
			<ymax>367</ymax>
		</bndbox>
	</object>
</annotation>
