<annotation>
	<folder>train</folder>
	<filename>61.jpg</filename>
	<path>D:\XLA\images\train\61.jpg</path>
	<source>
		<database>Unknown</database>
	</source>
	<size>
		<width>720</width>
		<height>960</height>
		<depth>3</depth>
	</size>
	<segmented>0</segmented>
	<object>
		<name>na</name>
		<pose>Unspecified</pose>
		<truncated>0</truncated>
		<difficult>0</difficult>
		<bndbox>
			<xmin>156</xmin>
			<ymin>219</ymin>
			<xmax>557</xmax>
			<ymax>797</ymax>
		</bndbox>
	</object>
</annotation>
