<annotation>
	<folder>train</folder>
	<filename>64.jpg</filename>
	<path>D:\XLA\images\train\64.jpg</path>
	<source>
		<database>Unknown</database>
	</source>
	<size>
		<width>1200</width>
		<height>779</height>
		<depth>3</depth>
	</size>
	<segmented>0</segmented>
	<object>
		<name>na</name>
		<pose>Unspecified</pose>
		<truncated>0</truncated>
		<difficult>0</difficult>
		<bndbox>
			<xmin>53</xmin>
			<ymin>248</ymin>
			<xmax>466</xmax>
			<ymax>698</ymax>
		</bndbox>
	</object>
	<object>
		<name>na</name>
		<pose>Unspecified</pose>
		<truncated>0</truncated>
		<difficult>0</difficult>
		<bndbox>
			<xmin>590</xmin>
			<ymin>218</ymin>
			<xmax>1014</xmax>
			<ymax>706</ymax>
		</bndbox>
	</object>
</annotation>
