<annotation>
	<folder>train</folder>
	<filename>67.png</filename>
	<path>D:\XLA\images\train\67.png</path>
	<source>
		<database>Unknown</database>
	</source>
	<size>
		<width>803</width>
		<height>417</height>
		<depth>3</depth>
	</size>
	<segmented>0</segmented>
	<object>
		<name>na</name>
		<pose>Unspecified</pose>
		<truncated>0</truncated>
		<difficult>0</difficult>
		<bndbox>
			<xmin>412</xmin>
			<ymin>146</ymin>
			<xmax>578</xmax>
			<ymax>298</ymax>
		</bndbox>
	</object>
	<object>
		<name>na</name>
		<pose>Unspecified</pose>
		<truncated>0</truncated>
		<difficult>0</difficult>
		<bndbox>
			<xmin>627</xmin>
			<ymin>96</ymin>
			<xmax>766</xmax>
			<ymax>211</ymax>
		</bndbox>
	</object>
	<object>
		<name>na</name>
		<pose>Unspecified</pose>
		<truncated>0</truncated>
		<difficult>0</difficult>
		<bndbox>
			<xmin>311</xmin>
			<ymin>273</ymin>
			<xmax>497</xmax>
			<ymax>413</ymax>
		</bndbox>
	</object>
	<object>
		<name>na</name>
		<pose>Unspecified</pose>
		<truncated>0</truncated>
		<difficult>0</difficult>
		<bndbox>
			<xmin>294</xmin>
			<ymin>134</ymin>
			<xmax>426</xmax>
			<ymax>263</ymax>
		</bndbox>
	</object>
</annotation>
