<annotation>
	<folder>train</folder>
	<filename>71.jpg</filename>
	<path>D:\XLA\images\train\71.jpg</path>
	<source>
		<database>Unknown</database>
	</source>
	<size>
		<width>640</width>
		<height>493</height>
		<depth>3</depth>
	</size>
	<segmented>0</segmented>
	<object>
		<name>na</name>
		<pose>Unspecified</pose>
		<truncated>0</truncated>
		<difficult>0</difficult>
		<bndbox>
			<xmin>207</xmin>
			<ymin>164</ymin>
			<xmax>477</xmax>
			<ymax>403</ymax>
		</bndbox>
	</object>
</annotation>
