<annotation>
	<folder>train</folder>
	<filename>73.jpg</filename>
	<path>D:\XLA\images\train\73.jpg</path>
	<source>
		<database>Unknown</database>
	</source>
	<size>
		<width>710</width>
		<height>520</height>
		<depth>3</depth>
	</size>
	<segmented>0</segmented>
	<object>
		<name>na</name>
		<pose>Unspecified</pose>
		<truncated>0</truncated>
		<difficult>0</difficult>
		<bndbox>
			<xmin>2</xmin>
			<ymin>52</ymin>
			<xmax>250</xmax>
			<ymax>328</ymax>
		</bndbox>
	</object>
	<object>
		<name>na</name>
		<pose>Unspecified</pose>
		<truncated>0</truncated>
		<difficult>0</difficult>
		<bndbox>
			<xmin>159</xmin>
			<ymin>228</ymin>
			<xmax>429</xmax>
			<ymax>468</ymax>
		</bndbox>
	</object>
</annotation>
