<annotation>
	<folder>train</folder>
	<filename>77.jpg</filename>
	<path>D:\XLA\images\train\77.jpg</path>
	<source>
		<database>Unknown</database>
	</source>
	<size>
		<width>924</width>
		<height>565</height>
		<depth>3</depth>
	</size>
	<segmented>0</segmented>
	<object>
		<name>na</name>
		<pose>Unspecified</pose>
		<truncated>0</truncated>
		<difficult>0</difficult>
		<bndbox>
			<xmin>206</xmin>
			<ymin>252</ymin>
			<xmax>520</xmax>
			<ymax>559</ymax>
		</bndbox>
	</object>
</annotation>
