<annotation>
	<folder>train</folder>
	<filename>78.jpg</filename>
	<path>D:\XLA\images\train\78.jpg</path>
	<source>
		<database>Unknown</database>
	</source>
	<size>
		<width>500</width>
		<height>341</height>
		<depth>3</depth>
	</size>
	<segmented>0</segmented>
	<object>
		<name>na</name>
		<pose>Unspecified</pose>
		<truncated>0</truncated>
		<difficult>0</difficult>
		<bndbox>
			<xmin>236</xmin>
			<ymin>176</ymin>
			<xmax>423</xmax>
			<ymax>315</ymax>
		</bndbox>
	</object>
	<object>
		<name>na</name>
		<pose>Unspecified</pose>
		<truncated>0</truncated>
		<difficult>0</difficult>
		<bndbox>
			<xmin>70</xmin>
			<ymin>129</ymin>
			<xmax>233</xmax>
			<ymax>304</ymax>
		</bndbox>
	</object>
</annotation>
