<annotation>
	<folder>train</folder>
	<filename>81.jpg</filename>
	<path>D:\XLA\images\train\81.jpg</path>
	<source>
		<database>Unknown</database>
	</source>
	<size>
		<width>500</width>
		<height>500</height>
		<depth>3</depth>
	</size>
	<segmented>0</segmented>
	<object>
		<name>xoai</name>
		<pose>Unspecified</pose>
		<truncated>0</truncated>
		<difficult>0</difficult>
		<bndbox>
			<xmin>180</xmin>
			<ymin>238</ymin>
			<xmax>408</xmax>
			<ymax>401</ymax>
		</bndbox>
	</object>
	<object>
		<name>xoai</name>
		<pose>Unspecified</pose>
		<truncated>0</truncated>
		<difficult>0</difficult>
		<bndbox>
			<xmin>61</xmin>
			<ymin>136</ymin>
			<xmax>205</xmax>
			<ymax>323</ymax>
		</bndbox>
	</object>
	<object>
		<name>xoai</name>
		<pose>Unspecified</pose>
		<truncated>0</truncated>
		<difficult>0</difficult>
		<bndbox>
			<xmin>205</xmin>
			<ymin>132</ymin>
			<xmax>436</xmax>
			<ymax>259</ymax>
		</bndbox>
	</object>
</annotation>
