<annotation>
	<folder>train</folder>
	<filename>82.jpg</filename>
	<path>D:\XLA\images\train\82.jpg</path>
	<source>
		<database>Unknown</database>
	</source>
	<size>
		<width>500</width>
		<height>413</height>
		<depth>3</depth>
	</size>
	<segmented>0</segmented>
	<object>
		<name>xoai</name>
		<pose>Unspecified</pose>
		<truncated>0</truncated>
		<difficult>0</difficult>
		<bndbox>
			<xmin>33</xmin>
			<ymin>50</ymin>
			<xmax>468</xmax>
			<ymax>405</ymax>
		</bndbox>
	</object>
</annotation>
