<annotation>
	<folder>train</folder>
	<filename>83.jpg</filename>
	<path>D:\XLA\images\train\83.jpg</path>
	<source>
		<database>Unknown</database>
	</source>
	<size>
		<width>600</width>
		<height>400</height>
		<depth>3</depth>
	</size>
	<segmented>0</segmented>
	<object>
		<name>xoai</name>
		<pose>Unspecified</pose>
		<truncated>0</truncated>
		<difficult>0</difficult>
		<bndbox>
			<xmin>77</xmin>
			<ymin>7</ymin>
			<xmax>574</xmax>
			<ymax>391</ymax>
		</bndbox>
	</object>
</annotation>
