<annotation>
	<folder>train</folder>
	<filename>84.jpg</filename>
	<path>D:\XLA\images\train\84.jpg</path>
	<source>
		<database>Unknown</database>
	</source>
	<size>
		<width>600</width>
		<height>400</height>
		<depth>3</depth>
	</size>
	<segmented>0</segmented>
	<object>
		<name>xoai</name>
		<pose>Unspecified</pose>
		<truncated>1</truncated>
		<difficult>0</difficult>
		<bndbox>
			<xmin>18</xmin>
			<ymin>214</ymin>
			<xmax>430</xmax>
			<ymax>400</ymax>
		</bndbox>
	</object>
	<object>
		<name>xoai</name>
		<pose>Unspecified</pose>
		<truncated>0</truncated>
		<difficult>0</difficult>
		<bndbox>
			<xmin>264</xmin>
			<ymin>27</ymin>
			<xmax>569</xmax>
			<ymax>388</ymax>
		</bndbox>
	</object>
</annotation>
