<annotation>
	<folder>train</folder>
	<filename>86.jpg</filename>
	<path>D:\XLA\images\train\86.jpg</path>
	<source>
		<database>Unknown</database>
	</source>
	<size>
		<width>660</width>
		<height>485</height>
		<depth>3</depth>
	</size>
	<segmented>0</segmented>
	<object>
		<name>xoai</name>
		<pose>Unspecified</pose>
		<truncated>0</truncated>
		<difficult>0</difficult>
		<bndbox>
			<xmin>303</xmin>
			<ymin>61</ymin>
			<xmax>620</xmax>
			<ymax>483</ymax>
		</bndbox>
	</object>
	<object>
		<name>xoai</name>
		<pose>Unspecified</pose>
		<truncated>0</truncated>
		<difficult>0</difficult>
		<bndbox>
			<xmin>4</xmin>
			<ymin>104</ymin>
			<xmax>355</xmax>
			<ymax>400</ymax>
		</bndbox>
	</object>
</annotation>
