<annotation>
	<folder>train</folder>
	<filename>88.jpg</filename>
	<path>D:\XLA\images\train\88.jpg</path>
	<source>
		<database>Unknown</database>
	</source>
	<size>
		<width>600</width>
		<height>450</height>
		<depth>3</depth>
	</size>
	<segmented>0</segmented>
	<object>
		<name>xoai</name>
		<pose>Unspecified</pose>
		<truncated>0</truncated>
		<difficult>0</difficult>
		<bndbox>
			<xmin>94</xmin>
			<ymin>30</ymin>
			<xmax>285</xmax>
			<ymax>181</ymax>
		</bndbox>
	</object>
	<object>
		<name>xoai</name>
		<pose>Unspecified</pose>
		<truncated>0</truncated>
		<difficult>0</difficult>
		<bndbox>
			<xmin>196</xmin>
			<ymin>145</ymin>
			<xmax>387</xmax>
			<ymax>404</ymax>
		</bndbox>
	</object>
	<object>
		<name>xoai</name>
		<pose>Unspecified</pose>
		<truncated>0</truncated>
		<difficult>0</difficult>
		<bndbox>
			<xmin>49</xmin>
			<ymin>185</ymin>
			<xmax>193</xmax>
			<ymax>335</ymax>
		</bndbox>
	</object>
	<object>
		<name>xoai</name>
		<pose>Unspecified</pose>
		<truncated>0</truncated>
		<difficult>0</difficult>
		<bndbox>
			<xmin>386</xmin>
			<ymin>173</ymin>
			<xmax>546</xmax>
			<ymax>338</ymax>
		</bndbox>
	</object>
</annotation>
