<annotation>
	<folder>train</folder>
	<filename>9.jpg</filename>
	<path>D:\XLA\images\train\9.jpg</path>
	<source>
		<database>Unknown</database>
	</source>
	<size>
		<width>259</width>
		<height>194</height>
		<depth>3</depth>
	</size>
	<segmented>0</segmented>
	<object>
		<name>tao</name>
		<pose>Unspecified</pose>
		<truncated>0</truncated>
		<difficult>0</difficult>
		<bndbox>
			<xmin>29</xmin>
			<ymin>80</ymin>
			<xmax>131</xmax>
			<ymax>178</ymax>
		</bndbox>
	</object>
	<object>
		<name>tao</name>
		<pose>Unspecified</pose>
		<truncated>0</truncated>
		<difficult>0</difficult>
		<bndbox>
			<xmin>149</xmin>
			<ymin>50</ymin>
			<xmax>257</xmax>
			<ymax>157</ymax>
		</bndbox>
	</object>
</annotation>
