<annotation>
	<folder>train</folder>
	<filename>92.jpg</filename>
	<path>D:\XLA\images\train\92.jpg</path>
	<source>
		<database>Unknown</database>
	</source>
	<size>
		<width>800</width>
		<height>506</height>
		<depth>3</depth>
	</size>
	<segmented>0</segmented>
	<object>
		<name>xoai</name>
		<pose>Unspecified</pose>
		<truncated>0</truncated>
		<difficult>0</difficult>
		<bndbox>
			<xmin>33</xmin>
			<ymin>62</ymin>
			<xmax>738</xmax>
			<ymax>428</ymax>
		</bndbox>
	</object>
</annotation>
