<annotation>
	<folder>train</folder>
	<filename>94.jpg</filename>
	<path>D:\XLA\images\train\94.jpg</path>
	<source>
		<database>Unknown</database>
	</source>
	<size>
		<width>288</width>
		<height>512</height>
		<depth>3</depth>
	</size>
	<segmented>0</segmented>
	<object>
		<name>xoai</name>
		<pose>Unspecified</pose>
		<truncated>0</truncated>
		<difficult>0</difficult>
		<bndbox>
			<xmin>15</xmin>
			<ymin>49</ymin>
			<xmax>133</xmax>
			<ymax>275</ymax>
		</bndbox>
	</object>
	<object>
		<name>xoai</name>
		<pose>Unspecified</pose>
		<truncated>0</truncated>
		<difficult>0</difficult>
		<bndbox>
			<xmin>123</xmin>
			<ymin>121</ymin>
			<xmax>244</xmax>
			<ymax>360</ymax>
		</bndbox>
	</object>
</annotation>
